{"stat.walkOneCm":396525,"achievement.openInventory":14,"stat.leaveGame":5,"stat.damageTaken":3226,"stat.useItem.minecraft.diamond_sword":179,"stat.useItem.minecraft.potion":34,"stat.useItem.minecraft.golden_apple":2,"stat.flyOneCm":417553,"stat.deaths":5,"stat.useItem.minecraft.ender_pearl":1,"stat.drop":10,"stat.jump":1766,"stat.playOneMinute":88365,"stat.fallOneCm":62535,"stat.damageDealt":23921,"stat.timeSinceDeath":26642,"stat.sprintOneCm":318898,"achievement.exploreAllBiomes":{"value":0,"progress":["Plains","Taiga"]}}