{"stat.useItem.minecraft.bow":2,"stat.walkOneCm":218412,"stat.leaveGame":2,"stat.useItem.minecraft.diamond_sword":132,"stat.useItem.minecraft.potion":81,"stat.jump":1253,"stat.swimOneCm":1000,"stat.fallOneCm":63452,"stat.climbOneCm":248,"stat.crouchOneCm":3967,"stat.sprintOneCm":137122,"achievement.exploreAllBiomes":{"value":0,"progress":["Plains","Taiga"]},"achievement.openInventory":27,"stat.damageTaken":5268,"stat.useItem.minecraft.golden_apple":1,"stat.flyOneCm":194309,"stat.deaths":4,"stat.useItem.minecraft.ender_pearl":2,"stat.drop":8,"stat.playOneMinute":45833,"stat.useItem.minecraft.cooked_beef":2,"stat.damageDealt":17171,"stat.timeSinceDeath":12578,"stat.diveOneCm":676}