{"stat.useItem.minecraft.bow":25,"stat.walkOneCm":1128140,"stat.playerKills":20,"stat.leaveGame":18,"stat.useItem.minecraft.diamond_sword":1352,"stat.useItem.minecraft.potion":359,"stat.jump":5935,"stat.fallOneCm":212688,"stat.crouchOneCm":5027,"stat.sprintOneCm":889769,"achievement.exploreAllBiomes":{"value":0,"progress":["Plains","Taiga"]},"achievement.openInventory":163,"stat.damageTaken":22455,"stat.useItem.minecraft.golden_apple":1,"stat.flyOneCm":1665176,"stat.useItem.minecraft.ender_pearl":35,"stat.deaths":5,"stat.drop":103,"stat.playOneMinute":154541,"stat.useItem.minecraft.cooked_beef":15,"stat.damageDealt":173141,"stat.timeSinceDeath":42007}