{"stat.walkOneCm":325486,"stat.playerKills":2,"achievement.openInventory":30,"stat.leaveGame":46,"stat.damageTaken":1699,"stat.useItem.minecraft.diamond_sword":34,"stat.useItem.minecraft.potion":38,"stat.flyOneCm":1080103,"stat.useItem.minecraft.ender_pearl":7,"stat.deaths":1,"stat.drop":2,"stat.jump":936,"stat.swimOneCm":3253,"stat.playOneMinute":69275,"stat.fallOneCm":35764,"stat.damageDealt":8322,"stat.crouchOneCm":3024,"stat.timeSinceDeath":56991,"stat.sprintOneCm":184100,"achievement.exploreAllBiomes":{"value":0,"progress":["Plains","Taiga"]},"stat.diveOneCm":3306}