{"stat.useItem.minecraft.bow":34,"stat.walkOneCm":428403,"stat.playerKills":8,"stat.useItem.minecraft.iron_axe":30,"stat.leaveGame":2,"stat.breakItem.minecraft.diamond_leggings":1,"stat.useItem.minecraft.diamond_sword":1209,"stat.useItem.minecraft.potion":166,"stat.jump":1283,"stat.fallOneCm":45713,"stat.breakItem.minecraft.diamond_chestplate":1,"stat.crouchOneCm":43,"stat.sprintOneCm":286327,"achievement.exploreAllBiomes":{"value":0,"progress":["Plains","Taiga"]},"stat.breakItem.minecraft.diamond_helmet":2,"achievement.openInventory":60,"stat.damageTaken":17034,"stat.useItem.minecraft.wooden_pickaxe":4,"stat.breakItem.minecraft.diamond_boots":2,"stat.useItem.minecraft.golden_apple":14,"stat.flyOneCm":243134,"stat.useItem.minecraft.ender_pearl":25,"stat.deaths":8,"stat.drop":138,"stat.playOneMinute":56587,"stat.useItem.minecraft.cooked_beef":9,"stat.damageDealt":144175,"stat.useItem.minecraft.baked_potato":3,"stat.timeSinceDeath":1782,"stat.useItem.minecraft.fishing_rod":21}