{"stat.useItem.minecraft.bow":126,"stat.walkOneCm":276663,"stat.playerKills":6,"stat.leaveGame":4,"stat.useItem.minecraft.diamond_sword":13,"stat.useItem.minecraft.potion":8,"stat.jump":1150,"stat.swimOneCm":705,"stat.fallOneCm":66288,"stat.crouchOneCm":2795,"stat.sprintOneCm":202005,"achievement.exploreAllBiomes":{"value":0,"progress":["Plains","Taiga"]},"achievement.openInventory":9,"stat.damageTaken":1816,"stat.useItem.minecraft.golden_apple":4,"stat.flyOneCm":304167,"stat.useItem.minecraft.ender_pearl":2,"stat.deaths":3,"stat.drop":2,"stat.playOneMinute":44989,"stat.damageDealt":1714,"stat.timeSinceDeath":28651}