{"stat.walkOneCm":914342,"stat.playerKills":8,"achievement.openInventory":81,"stat.leaveGame":15,"stat.damageTaken":18205,"stat.useItem.minecraft.diamond_sword":901,"stat.useItem.minecraft.potion":226,"stat.flyOneCm":1482280,"stat.useItem.minecraft.ender_pearl":28,"stat.deaths":11,"stat.drop":66,"stat.jump":3894,"stat.playOneMinute":114253,"stat.fallOneCm":128975,"stat.useItem.minecraft.cooked_beef":10,"stat.damageDealt":115990,"stat.crouchOneCm":1967,"stat.timeSinceDeath":23636,"stat.sprintOneCm":693422,"achievement.exploreAllBiomes":{"value":0,"progress":["Plains","Taiga"]}}