{"stat.useItem.minecraft.bow":25,"stat.walkOneCm":406190,"stat.playerKills":5,"stat.leaveGame":2,"stat.useItem.minecraft.cobblestone":29,"stat.useItem.minecraft.lava_bucket":3,"stat.useItem.minecraft.diamond_sword":430,"stat.useItem.minecraft.potion":76,"stat.jump":752,"stat.swimOneCm":76,"stat.fallOneCm":20399,"stat.crouchOneCm":26,"stat.sprintOneCm":276807,"achievement.exploreAllBiomes":{"value":0,"progress":["Plains","Taiga"]},"stat.useItem.minecraft.water_bucket":2,"achievement.openInventory":33,"stat.damageTaken":5638,"stat.useItem.minecraft.bucket":5,"stat.useItem.minecraft.golden_apple":7,"stat.flyOneCm":201580,"stat.useItem.minecraft.ender_pearl":25,"stat.deaths":5,"stat.drop":41,"stat.playOneMinute":28804,"stat.useItem.minecraft.cooked_beef":6,"stat.damageDealt":57085,"stat.timeSinceDeath":5321,"stat.useItem.minecraft.fishing_rod":20}