{"stat.useItem.minecraft.bow":71,"stat.walkOneCm":3056205,"stat.playerKills":29,"stat.useItem.minecraft.stone":3,"stat.leaveGame":30,"stat.useItem.minecraft.beacon":1,"stat.useItem.minecraft.lava_bucket":1,"stat.useItem.minecraft.diamond_sword":2604,"stat.useItem.minecraft.potion":551,"stat.jump":15637,"stat.swimOneCm":147,"stat.fallOneCm":792658,"stat.crouchOneCm":3160,"stat.sprintOneCm":2349976,"achievement.exploreAllBiomes":{"value":0,"progress":["Plains","Taiga"]},"achievement.openInventory":240,"stat.damageTaken":42917,"stat.useItem.minecraft.wooden_pickaxe":6,"stat.useItem.minecraft.golden_apple":12,"stat.flyOneCm":3735815,"stat.deaths":19,"stat.useItem.minecraft.ender_pearl":58,"stat.drop":124,"stat.playOneMinute":761472,"stat.useItem.minecraft.cooked_beef":29,"stat.damageDealt":330922,"stat.timeSinceDeath":281961,"stat.useItem.minecraft.fishing_rod":36}