{"stat.walkOneCm":315466,"achievement.openInventory":16,"stat.leaveGame":4,"stat.damageTaken":3605,"stat.useItem.minecraft.diamond_sword":638,"stat.useItem.minecraft.potion":32,"stat.useItem.minecraft.golden_apple":1,"stat.flyOneCm":179338,"stat.useItem.minecraft.ender_pearl":8,"stat.deaths":6,"stat.drop":11,"stat.jump":1064,"stat.playOneMinute":34794,"stat.fallOneCm":20617,"stat.useItem.minecraft.cooked_beef":1,"stat.damageDealt":90109,"stat.crouchOneCm":28,"stat.timeSinceDeath":3743,"stat.sprintOneCm":238892,"achievement.exploreAllBiomes":{"value":0,"progress":["Plains","Taiga"]}}