{"stat.useItem.minecraft.golden_apple":6,"stat.useItem.minecraft.bow":5,"stat.flyOneCm":42204,"stat.walkOneCm":45935,"stat.jump":186,"stat.playOneMinute":5206,"stat.fallOneCm":12009,"achievement.openInventory":4,"stat.useItem.minecraft.iron_sword":7,"stat.leaveGame":1,"stat.damageTaken":430,"stat.damageDealt":580,"stat.crouchOneCm":996,"stat.timeSinceDeath":5206,"stat.useItem.minecraft.stained_hardened_clay":55,"stat.sprintOneCm":22163,"achievement.exploreAllBiomes":{"value":0,"progress":["Beach","Forest","River","Ocean","Plains"]}}