{"stat.useItem.minecraft.bow":1,"stat.walkOneCm":569025,"stat.playerKills":7,"stat.leaveGame":4,"stat.useItem.minecraft.cobblestone":13,"stat.useItem.minecraft.diamond_sword":722,"stat.useItem.minecraft.potion":95,"stat.jump":1304,"stat.swimOneCm":1608,"stat.fallOneCm":30160,"stat.crouchOneCm":817,"stat.sprintOneCm":407791,"achievement.exploreAllBiomes":{"value":0,"progress":["Plains","Taiga"]},"stat.breakItem.minecraft.diamond_helmet":1,"stat.useItem.minecraft.water_bucket":1,"achievement.openInventory":53,"stat.damageTaken":7209,"stat.useItem.minecraft.golden_apple":9,"stat.flyOneCm":213222,"stat.useItem.minecraft.ender_pearl":22,"stat.deaths":3,"stat.drop":42,"stat.playOneMinute":51650,"stat.useItem.minecraft.cooked_beef":4,"stat.damageDealt":109503,"stat.timeSinceDeath":11332,"stat.useItem.minecraft.fishing_rod":27,"stat.diveOneCm":1079}