{"stat.chestOpened":2,"stat.useItem.minecraft.bow":33,"stat.useItem.minecraft.quartz_block":4,"stat.useItem.minecraft.stone":54,"stat.useItem.minecraft.iron_axe":16,"stat.leaveGame":101,"stat.useItem.minecraft.ender_chest":6,"stat.useItem.minecraft.diamond_sword":11276,"stat.useItem.minecraft.carpet":83,"stat.useItem.minecraft.potion":2878,"stat.useItem.minecraft.glowstone":18,"stat.jump":36042,"stat.swimOneCm":5350,"stat.useItem.minecraft.sand":2,"stat.useItem.minecraft.snow":41,"stat.fallOneCm":1283728,"stat.useItem.minecraft.planks":85,"stat.climbOneCm":316,"stat.crouchOneCm":50661,"stat.enderchestOpened":7,"stat.useItem.minecraft.dirt":121,"stat.useItem.minecraft.stone_button":12,"achievement.exploreAllBiomes":{"value":0,"progress":["Beach","ForestHills","Extreme Hills+","Forest","Ocean","River","Plains","Taiga","Extreme Hills","Deep Ocean"]},"stat.useItem.minecraft.water_bucket":6,"stat.useItem.minecraft.glass":44,"stat.useItem.minecraft.egg":7,"stat.damageTaken":168388,"stat.useItem.minecraft.stone_brick_stairs":10,"stat.useItem.minecraft.gold_block":11,"stat.flyOneCm":19832597,"stat.useItem.minecraft.ender_pearl":210,"stat.useItem.minecraft.stone_pickaxe":2,"stat.useItem.minecraft.cooked_beef":158,"stat.useItem.minecraft.stone_sword":116,"stat.damageDealt":1494739,"stat.useItem.minecraft.wool":461,"stat.useItem.minecraft.snow_layer":1,"stat.timeSinceDeath":5040,"stat.useItem.minecraft.sign":1,"stat.useItem.minecraft.iron_bars":74,"stat.walkOneCm":9832201,"stat.playerKills":209,"stat.useItem.minecraft.cobblestone":80,"stat.furnaceInteraction":1,"stat.useItem.minecraft.lava_bucket":2,"stat.noteblockPlayed":3,"stat.useItem.minecraft.end_stone":46,"stat.useItem.minecraft.stained_hardened_clay":190,"stat.sprintOneCm":6952978,"stat.useItem.minecraft.stained_glass":483,"stat.useItem.minecraft.diamond_block":4,"stat.breakItem.minecraft.diamond_helmet":1,"achievement.openInventory":1103,"stat.useItem.minecraft.iron_sword":26,"stat.useItem.minecraft.iron_block":9,"stat.useItem.minecraft.stonebrick":66,"stat.useItem.minecraft.bucket":6,"stat.breakItem.minecraft.diamond_boots":1,"stat.useItem.minecraft.golden_apple":39,"stat.deaths":49,"stat.drop":562,"stat.playOneMinute":2509173,"stat.useItem.minecraft.cake":1,"stat.diveOneCm":4524,"stat.useItem.minecraft.fishing_rod":151}