{"stat.flyOneCm":35617,"stat.useItem.minecraft.ender_pearl":9,"stat.deaths":3,"stat.walkOneCm":87055,"stat.drop":22,"stat.jump":219,"stat.playOneMinute":8954,"stat.fallOneCm":2088,"achievement.openInventory":11,"stat.useItem.minecraft.cooked_beef":2,"stat.leaveGame":1,"stat.damageTaken":3073,"stat.damageDealt":19972,"stat.crouchOneCm":2,"stat.timeSinceDeath":779,"stat.sprintOneCm":59194,"achievement.exploreAllBiomes":{"value":0,"progress":["Plains","Taiga"]},"stat.useItem.minecraft.diamond_sword":159,"stat.useItem.minecraft.potion":35}