{"stat.flyOneCm":127761,"stat.useItem.minecraft.ender_pearl":20,"stat.deaths":9,"stat.walkOneCm":331642,"stat.drop":87,"stat.jump":754,"stat.playerKills":3,"stat.playOneMinute":27705,"stat.fallOneCm":11165,"achievement.openInventory":53,"stat.useItem.minecraft.cooked_beef":8,"stat.leaveGame":1,"stat.damageTaken":11646,"stat.damageDealt":78846,"stat.crouchOneCm":41,"stat.timeSinceDeath":327,"stat.sprintOneCm":244239,"achievement.exploreAllBiomes":{"value":0,"progress":["Plains","Taiga"]},"stat.useItem.minecraft.diamond_sword":622,"stat.useItem.minecraft.potion":154}