{"stat.walkOneCm":159303,"stat.playerKills":3,"achievement.openInventory":18,"stat.leaveGame":1,"stat.damageTaken":4212,"stat.useItem.minecraft.diamond_sword":145,"stat.useItem.minecraft.potion":78,"stat.flyOneCm":166282,"stat.useItem.minecraft.ender_pearl":9,"stat.deaths":2,"stat.drop":9,"stat.jump":734,"stat.swimOneCm":2497,"stat.playOneMinute":23440,"stat.fallOneCm":28871,"stat.useItem.minecraft.cooked_beef":3,"stat.useItem.minecraft.stone_sword":5,"stat.damageDealt":19690,"stat.crouchOneCm":146,"stat.useItem.minecraft.wool":52,"stat.timeSinceDeath":895,"stat.sprintOneCm":98386,"achievement.exploreAllBiomes":{"value":0,"progress":["Plains","Taiga"]},"stat.diveOneCm":1124}