{"stat.useItem.minecraft.golden_apple":7,"stat.useItem.minecraft.bow":7,"stat.flyOneCm":211574,"stat.deaths":3,"stat.walkOneCm":155252,"stat.jump":970,"stat.playerKills":2,"stat.playOneMinute":35292,"stat.fallOneCm":135614,"achievement.openInventory":5,"stat.useItem.minecraft.iron_sword":10,"stat.useItem.minecraft.ladder":1,"stat.leaveGame":1,"stat.useItem.minecraft.stone_sword":5,"stat.damageTaken":918,"stat.damageDealt":1523,"stat.crouchOneCm":751,"stat.useItem.minecraft.wool":55,"stat.timeSinceDeath":23184,"stat.useItem.minecraft.stained_hardened_clay":37,"stat.sprintOneCm":102488,"achievement.exploreAllBiomes":{"value":0,"progress":["Beach","Forest","River","Ocean","Plains"]},"stat.useItem.minecraft.diamond_sword":1}