{"stat.chestOpened":1,"stat.useItem.minecraft.bow":248,"stat.useItem.minecraft.stone":120,"stat.useItem.minecraft.iron_axe":37,"stat.leaveGame":232,"stat.breakItem.minecraft.diamond_leggings":19,"stat.useItem.minecraft.diamond_sword":19581,"stat.useItem.minecraft.potion":3205,"stat.useItem.minecraft.stained_glass_pane":3,"stat.jump":49685,"stat.swimOneCm":53843,"stat.breakItem.minecraft.leather_helmet":2,"stat.useItem.minecraft.snow":6,"stat.fallOneCm":1261949,"stat.climbOneCm":9905,"stat.useItem.minecraft.planks":3,"stat.crouchOneCm":48228,"stat.enderchestOpened":9,"stat.breakItem.minecraft.leather_chestplate":1,"stat.useItem.minecraft.dirt":2,"stat.useItem.minecraft.stone_button":4,"achievement.exploreAllBiomes":{"value":0,"progress":["Beach","ForestHills","Forest","Ocean","River","Plains","Taiga"]},"stat.useItem.minecraft.water_bucket":5,"stat.useItem.minecraft.glass":1,"stat.useItem.minecraft.redstone_lamp":237,"stat.useItem.minecraft.egg":37,"stat.damageTaken":377305,"stat.useItem.minecraft.gold_block":10,"stat.breakItem.minecraft.leather_boots":1,"stat.noteblockTuned":523,"stat.useItem.minecraft.anvil":2,"stat.flyOneCm":15243827,"stat.useItem.minecraft.ender_pearl":516,"stat.useItem.minecraft.stone_pickaxe":1,"stat.useItem.minecraft.cooked_beef":171,"stat.useItem.minecraft.stone_sword":94,"stat.damageDealt":2941239,"stat.useItem.minecraft.wool":533,"stat.timeSinceDeath":3378,"stat.hopperInspected":1,"stat.useItem.minecraft.sign":2,"stat.useItem.minecraft.wooden_slab":108,"stat.walkOneCm":15003262,"stat.playerKills":199,"stat.useItem.minecraft.hardened_clay":627,"stat.useItem.minecraft.log":2,"stat.useItem.minecraft.oak_stairs":1,"stat.useItem.minecraft.cobblestone":22,"stat.useItem.minecraft.golden_carrot":12,"stat.useItem.minecraft.lava_bucket":7,"stat.noteblockPlayed":14,"stat.useItem.minecraft.redstone_block":1316,"stat.breakItem.minecraft.diamond_chestplate":12,"stat.useItem.minecraft.stained_hardened_clay":1499,"stat.useItem.minecraft.trapdoor":41,"stat.sprintOneCm":10680369,"stat.useItem.minecraft.fence":40,"stat.breakItem.minecraft.diamond_helmet":28,"stat.useItem.minecraft.stone_slab":7,"achievement.openInventory":1637,"stat.useItem.minecraft.iron_sword":349,"stat.useItem.minecraft.diamond_pickaxe":5,"stat.useItem.minecraft.stonebrick":1,"stat.useItem.minecraft.bucket":11,"stat.breakItem.minecraft.diamond_boots":25,"stat.useItem.minecraft.golden_apple":299,"stat.deaths":391,"stat.useItem.minecraft.spruce_door":4,"stat.drop":1185,"stat.playOneMinute":5910861,"stat.useItem.minecraft.cake":5,"stat.breakItem.minecraft.leather_leggings":1,"stat.diveOneCm":6111,"stat.useItem.minecraft.fishing_rod":343}