{"stat.walkOneCm":619428,"stat.playerKills":12,"stat.useItem.minecraft.iron_axe":14,"stat.leaveGame":6,"stat.useItem.minecraft.cobblestone":75,"stat.useItem.minecraft.golden_carrot":1,"stat.useItem.minecraft.diamond_sword":428,"stat.noteblockPlayed":50,"stat.useItem.minecraft.potion":174,"stat.jump":3001,"stat.swimOneCm":1880,"stat.fallOneCm":108565,"stat.crouchOneCm":3994,"stat.sprintOneCm":390001,"achievement.exploreAllBiomes":{"value":0,"progress":["Beach","Forest","Plains"]},"stat.useItem.minecraft.water_bucket":2,"achievement.openInventory":62,"stat.damageTaken":12080,"stat.noteblockTuned":18,"stat.useItem.minecraft.bucket":2,"stat.useItem.minecraft.golden_apple":4,"stat.flyOneCm":736898,"stat.useItem.minecraft.ender_pearl":29,"stat.deaths":12,"stat.drop":42,"stat.playOneMinute":107730,"stat.useItem.minecraft.cooked_beef":2,"stat.damageDealt":57171,"stat.timeSinceDeath":16805,"stat.useItem.minecraft.fishing_rod":64}