{"stat.useItem.minecraft.bow":100,"stat.walkOneCm":421199,"stat.playerKills":4,"stat.leaveGame":2,"stat.useItem.minecraft.cobblestone":33,"stat.useItem.minecraft.lava_bucket":22,"stat.useItem.minecraft.diamond_sword":388,"stat.useItem.minecraft.potion":93,"stat.jump":998,"stat.swimOneCm":3766,"stat.fallOneCm":10150,"stat.crouchOneCm":427,"stat.sprintOneCm":264689,"achievement.exploreAllBiomes":{"value":0,"progress":["Plains","Taiga"]},"stat.useItem.minecraft.water_bucket":10,"achievement.openInventory":48,"stat.damageTaken":9780,"stat.useItem.minecraft.wooden_pickaxe":2,"stat.useItem.minecraft.bucket":30,"stat.useItem.minecraft.golden_apple":14,"stat.flyOneCm":244036,"stat.useItem.minecraft.ender_pearl":12,"stat.deaths":4,"stat.drop":16,"stat.playOneMinute":48191,"stat.useItem.minecraft.cooked_beef":11,"stat.damageDealt":48529,"stat.timeSinceDeath":1553,"stat.useItem.minecraft.fishing_rod":97}