{"stat.flyOneCm":87763,"stat.useItem.minecraft.ender_pearl":18,"stat.deaths":3,"stat.walkOneCm":163169,"stat.drop":59,"stat.jump":409,"stat.playerKills":2,"stat.playOneMinute":13553,"stat.fallOneCm":5960,"achievement.openInventory":34,"stat.useItem.minecraft.cooked_beef":6,"stat.leaveGame":1,"stat.damageTaken":6550,"stat.damageDealt":43556,"stat.crouchOneCm":78,"stat.timeSinceDeath":4248,"stat.sprintOneCm":113067,"achievement.exploreAllBiomes":{"value":0,"progress":["Plains","Taiga"]},"stat.useItem.minecraft.diamond_sword":342,"stat.useItem.minecraft.potion":78}