{"stat.useItem.minecraft.bow":53,"stat.walkOneCm":1035768,"stat.playerKills":18,"stat.leaveGame":13,"stat.furnaceInteraction":2,"stat.useItem.minecraft.lava_bucket":3,"stat.useItem.minecraft.diamond_sword":1335,"stat.useItem.minecraft.potion":227,"stat.jump":3028,"stat.breakItem.minecraft.leather_helmet":2,"stat.swimOneCm":2069,"stat.fallOneCm":92360,"stat.useItem.minecraft.planks":15,"stat.crouchOneCm":1992,"stat.useItem.minecraft.stained_hardened_clay":148,"stat.sprintOneCm":726652,"achievement.exploreAllBiomes":{"value":0,"progress":["Beach","Forest","Ocean","Plains","Taiga"]},"stat.breakItem.minecraft.diamond_helmet":1,"achievement.openInventory":94,"stat.useItem.minecraft.iron_sword":11,"stat.damageTaken":19017,"stat.useItem.minecraft.diamond_pickaxe":3,"stat.useItem.minecraft.bucket":2,"stat.useItem.minecraft.golden_apple":26,"stat.flyOneCm":720577,"stat.useItem.minecraft.ender_pearl":30,"stat.deaths":17,"stat.drop":110,"stat.playOneMinute":107243,"stat.useItem.minecraft.cooked_beef":8,"stat.damageDealt":201532,"stat.timeSinceDeath":107,"stat.useItem.minecraft.fishing_rod":61}