{"stat.useItem.minecraft.bow":88,"stat.walkOneCm":297182,"stat.playerKills":2,"stat.leaveGame":2,"stat.useItem.minecraft.lava_bucket":13,"stat.useItem.minecraft.diamond_sword":299,"stat.useItem.minecraft.potion":44,"stat.jump":1011,"stat.swimOneCm":4357,"stat.fallOneCm":16597,"stat.useItem.minecraft.planks":1,"stat.crouchOneCm":504,"stat.sprintOneCm":171865,"achievement.exploreAllBiomes":{"value":0,"progress":["Plains","Taiga"]},"stat.useItem.minecraft.water_bucket":4,"achievement.openInventory":52,"stat.damageTaken":6682,"stat.useItem.minecraft.wooden_pickaxe":3,"stat.useItem.minecraft.bucket":15,"stat.useItem.minecraft.golden_apple":13,"stat.flyOneCm":233530,"stat.deaths":5,"stat.useItem.minecraft.ender_pearl":1,"stat.drop":12,"stat.playOneMinute":40838,"stat.useItem.minecraft.cooked_beef":5,"stat.damageDealt":38512,"stat.timeSinceDeath":3520,"stat.useItem.minecraft.fishing_rod":183}