{"stat.flyOneCm":279496,"stat.useItem.minecraft.ender_pearl":1,"stat.deaths":1,"stat.walkOneCm":224093,"stat.drop":2,"stat.jump":1523,"stat.playOneMinute":55265,"stat.fallOneCm":101691,"achievement.openInventory":12,"stat.useItem.minecraft.cooked_beef":1,"stat.leaveGame":2,"stat.damageTaken":1951,"stat.damageDealt":6890,"stat.crouchOneCm":5750,"stat.timeSinceDeath":28020,"stat.sprintOneCm":155039,"achievement.exploreAllBiomes":{"value":0,"progress":["Plains","Taiga"]},"stat.useItem.minecraft.diamond_sword":55,"stat.useItem.minecraft.potion":31}