{"stat.useItem.minecraft.bow":39,"stat.walkOneCm":430008,"stat.playerKills":10,"achievement.openInventory":52,"stat.useItem.minecraft.iron_sword":52,"stat.useItem.minecraft.stone":19,"stat.useItem.minecraft.snowball":16,"stat.leaveGame":1,"stat.damageTaken":11214,"stat.breakItem.minecraft.diamond_leggings":1,"stat.useItem.minecraft.bucket":2,"stat.useItem.minecraft.diamond_sword":509,"stat.breakItem.minecraft.diamond_boots":1,"stat.useItem.minecraft.potion":47,"stat.useItem.minecraft.golden_apple":18,"stat.flyOneCm":218442,"stat.useItem.minecraft.ender_pearl":10,"stat.deaths":16,"stat.drop":19,"stat.jump":1338,"stat.swimOneCm":1287,"stat.playOneMinute":39319,"stat.fallOneCm":47664,"stat.useItem.minecraft.stone_sword":5,"stat.breakItem.minecraft.diamond_chestplate":1,"stat.damageDealt":92168,"stat.useItem.minecraft.wool":25,"stat.crouchOneCm":4962,"stat.timeSinceDeath":398,"stat.useItem.minecraft.stained_hardened_clay":606,"stat.sprintOneCm":257602,"achievement.exploreAllBiomes":{"value":0,"progress":["Plains","Taiga"]},"stat.useItem.minecraft.fishing_rod":16,"stat.breakItem.minecraft.diamond_helmet":2,"stat.useItem.minecraft.water_bucket":2}