{"stat.useItem.minecraft.bow":73,"stat.walkOneCm":245269,"stat.playerKills":4,"achievement.openInventory":27,"stat.useItem.minecraft.iron_axe":68,"stat.leaveGame":1,"stat.damageTaken":6028,"stat.useItem.minecraft.cobblestone":27,"stat.useItem.minecraft.lava_bucket":21,"stat.useItem.minecraft.bucket":34,"stat.useItem.minecraft.diamond_sword":129,"stat.useItem.minecraft.potion":46,"stat.useItem.minecraft.golden_apple":32,"stat.flyOneCm":222295,"stat.deaths":10,"stat.drop":19,"stat.jump":759,"stat.swimOneCm":8616,"stat.playOneMinute":25206,"stat.fallOneCm":11010,"stat.useItem.minecraft.planks":86,"stat.useItem.minecraft.cooked_beef":2,"stat.damageDealt":19780,"stat.crouchOneCm":385,"stat.timeSinceDeath":35,"stat.sprintOneCm":126550,"achievement.exploreAllBiomes":{"value":0,"progress":["Forest","Plains"]},"stat.useItem.minecraft.fishing_rod":379,"stat.useItem.minecraft.water_bucket":21}