{"stat.useItem.minecraft.bow":24,"stat.walkOneCm":302029,"stat.playerKills":6,"achievement.openInventory":44,"stat.leaveGame":5,"stat.damageTaken":10263,"stat.useItem.minecraft.diamond_sword":474,"stat.useItem.minecraft.potion":154,"stat.useItem.minecraft.golden_apple":2,"stat.flyOneCm":494808,"stat.useItem.minecraft.ender_pearl":12,"stat.deaths":7,"stat.drop":31,"stat.jump":1509,"stat.playOneMinute":41466,"stat.fallOneCm":46662,"stat.useItem.minecraft.cooked_beef":7,"stat.damageDealt":68807,"stat.crouchOneCm":380,"stat.timeSinceDeath":16661,"stat.sprintOneCm":211016,"achievement.exploreAllBiomes":{"value":0,"progress":["Plains","Taiga"]}}