{"stat.useItem.minecraft.bow":15,"stat.walkOneCm":252637,"stat.playerKills":2,"achievement.openInventory":47,"stat.leaveGame":1,"stat.damageTaken":6728,"stat.useItem.minecraft.cobblestone":15,"stat.useItem.minecraft.lava_bucket":1,"stat.useItem.minecraft.diamond_sword":281,"stat.useItem.minecraft.potion":91,"stat.useItem.minecraft.golden_apple":6,"stat.flyOneCm":343557,"stat.deaths":5,"stat.useItem.minecraft.ender_pearl":13,"stat.jump":1200,"stat.swimOneCm":56,"stat.playOneMinute":32989,"stat.fallOneCm":22682,"stat.useItem.minecraft.cooked_beef":3,"stat.damageDealt":36188,"stat.crouchOneCm":643,"stat.timeSinceDeath":17023,"stat.sprintOneCm":177699,"achievement.exploreAllBiomes":{"value":0,"progress":["Forest","Plains"]},"stat.useItem.minecraft.fishing_rod":35,"stat.useItem.minecraft.water_bucket":2}