{"stat.walkOneCm":671358,"stat.playerKills":16,"stat.leaveGame":21,"stat.useItem.minecraft.diamond_sword":32,"stat.jump":1474,"stat.swimOneCm":2864,"stat.fallOneCm":87713,"stat.climbOneCm":499,"stat.crouchOneCm":9438,"achievement.mineWood":2,"stat.useItem.minecraft.stained_hardened_clay":55,"stat.sprintOneCm":548240,"achievement.exploreAllBiomes":{"value":0,"progress":["Forest","Plains","Taiga"]},"achievement.openInventory":13,"stat.useItem.minecraft.iron_sword":14,"stat.damageTaken":17718,"stat.useItem.minecraft.golden_apple":3,"stat.flyOneCm":379094,"stat.deaths":73,"stat.useItem.minecraft.ender_pearl":4,"stat.drop":1,"stat.playOneMinute":277474,"stat.useItem.minecraft.stone_sword":9,"stat.damageDealt":6572,"stat.timeSinceDeath":400}