{"stat.useItem.minecraft.bow":10,"stat.walkOneCm":86264,"stat.playerKills":1,"achievement.openInventory":8,"stat.leaveGame":1,"stat.damageTaken":725,"stat.useItem.minecraft.cobblestone":25,"stat.useItem.minecraft.lava_bucket":1,"stat.useItem.minecraft.diamond_sword":38,"stat.useItem.minecraft.potion":4,"stat.noteblockPlayed":1,"stat.useItem.minecraft.golden_apple":5,"stat.flyOneCm":140725,"stat.deaths":1,"stat.jump":488,"stat.swimOneCm":87,"stat.playOneMinute":22762,"stat.fallOneCm":11958,"stat.damageDealt":5314,"stat.crouchOneCm":290,"stat.timeSinceDeath":16851,"stat.sprintOneCm":63514,"achievement.exploreAllBiomes":{"value":0,"progress":["Beach","Forest","Ocean","Plains"]},"stat.useItem.minecraft.fishing_rod":17,"stat.useItem.minecraft.water_bucket":1}