{"stat.flyOneCm":69566,"stat.useItem.minecraft.ender_pearl":3,"stat.deaths":1,"stat.walkOneCm":85519,"stat.drop":18,"stat.jump":198,"stat.playerKills":2,"stat.playOneMinute":9265,"stat.fallOneCm":2206,"achievement.openInventory":14,"stat.useItem.minecraft.cooked_beef":2,"stat.leaveGame":4,"stat.damageTaken":2847,"stat.damageDealt":22150,"stat.crouchOneCm":179,"stat.timeSinceDeath":6060,"stat.sprintOneCm":57400,"achievement.exploreAllBiomes":{"value":0,"progress":["Plains","Taiga"]},"stat.useItem.minecraft.diamond_sword":170,"stat.useItem.minecraft.potion":34}