{"stat.useItem.minecraft.bow":138,"stat.walkOneCm":6402235,"stat.playerKills":124,"stat.useItem.minecraft.iron_axe":28,"stat.leaveGame":34,"stat.useItem.minecraft.cobblestone":20,"stat.breakItem.minecraft.diamond_leggings":6,"stat.useItem.minecraft.lava_bucket":6,"stat.useItem.minecraft.diamond_sword":10543,"stat.useItem.minecraft.potion":1019,"stat.noteblockPlayed":41,"stat.jump":15314,"stat.swimOneCm":5166,"stat.breakItem.minecraft.leather_helmet":1,"stat.fallOneCm":325693,"stat.climbOneCm":2876,"stat.useItem.minecraft.planks":2,"stat.breakItem.minecraft.diamond_chestplate":5,"stat.crouchOneCm":14621,"stat.useItem.minecraft.stained_hardened_clay":807,"stat.sprintOneCm":3871477,"achievement.exploreAllBiomes":{"value":0,"progress":["Beach","Forest","Ocean","River","Plains"]},"stat.breakItem.minecraft.diamond_helmet":18,"stat.useItem.minecraft.water_bucket":1,"achievement.openInventory":508,"stat.useItem.minecraft.iron_sword":100,"stat.damageTaken":119406,"stat.noteblockTuned":4,"stat.useItem.minecraft.bucket":4,"stat.breakItem.minecraft.diamond_boots":12,"stat.useItem.minecraft.golden_apple":176,"stat.flyOneCm":3572620,"stat.useItem.minecraft.ender_pearl":215,"stat.deaths":66,"stat.drop":390,"stat.playOneMinute":940952,"stat.useItem.minecraft.cooked_beef":26,"stat.damageDealt":1663387,"stat.timeSinceDeath":72185,"stat.useItem.minecraft.fishing_rod":108,"stat.diveOneCm":736}