{"stat.useItem.minecraft.bow":7,"stat.walkOneCm":118064,"stat.playerKills":4,"stat.leaveGame":2,"stat.useItem.minecraft.diamond_sword":11,"stat.useItem.minecraft.potion":2,"stat.jump":355,"stat.fallOneCm":15249,"stat.useItem.minecraft.stained_hardened_clay":5,"stat.sprintOneCm":53631,"achievement.exploreAllBiomes":{"value":0,"progress":["Plains","Taiga"]},"achievement.openInventory":1,"stat.useItem.minecraft.iron_sword":19,"stat.damageTaken":1298,"stat.useItem.minecraft.golden_apple":4,"stat.flyOneCm":96094,"stat.deaths":3,"stat.drop":2,"stat.playOneMinute":25599,"stat.damageDealt":2295,"stat.useItem.minecraft.wool":1,"stat.timeSinceDeath":19188}