{"stat.useItem.minecraft.bow":33,"stat.walkOneCm":362262,"stat.playerKills":8,"achievement.openInventory":54,"stat.useItem.minecraft.iron_axe":30,"stat.leaveGame":3,"stat.damageTaken":12969,"stat.breakItem.minecraft.diamond_leggings":1,"stat.useItem.minecraft.wooden_pickaxe":4,"stat.useItem.minecraft.diamond_sword":1327,"stat.breakItem.minecraft.diamond_boots":1,"stat.useItem.minecraft.potion":133,"stat.useItem.minecraft.golden_apple":11,"stat.flyOneCm":277431,"stat.deaths":7,"stat.useItem.minecraft.ender_pearl":7,"stat.drop":50,"stat.jump":1279,"stat.playOneMinute":48252,"stat.fallOneCm":30803,"stat.useItem.minecraft.cooked_beef":5,"stat.breakItem.minecraft.diamond_chestplate":1,"stat.damageDealt":150586,"stat.crouchOneCm":288,"stat.useItem.minecraft.baked_potato":3,"stat.timeSinceDeath":311,"stat.sprintOneCm":221529,"achievement.exploreAllBiomes":{"value":0,"progress":["Plains","Taiga"]},"stat.useItem.minecraft.fishing_rod":25,"stat.breakItem.minecraft.diamond_helmet":1}