{"stat.walkOneCm":441622,"stat.playerKills":4,"stat.leaveGame":3,"stat.breakItem.minecraft.diamond_leggings":1,"stat.useItem.minecraft.diamond_sword":822,"stat.useItem.minecraft.potion":77,"stat.jump":942,"stat.fallOneCm":9925,"stat.breakItem.minecraft.diamond_chestplate":1,"stat.crouchOneCm":52,"stat.sprintOneCm":336544,"achievement.exploreAllBiomes":{"value":0,"progress":["Plains","Taiga"]},"stat.breakItem.minecraft.diamond_helmet":1,"achievement.openInventory":36,"stat.damageTaken":8438,"stat.breakItem.minecraft.diamond_boots":1,"stat.useItem.minecraft.golden_apple":22,"stat.flyOneCm":151614,"stat.useItem.minecraft.ender_pearl":12,"stat.deaths":3,"stat.drop":84,"stat.playOneMinute":39403,"stat.useItem.minecraft.cooked_beef":4,"stat.damageDealt":103751,"stat.timeSinceDeath":186}