{"stat.useItem.minecraft.bow":74,"stat.walkOneCm":1238037,"stat.playerKills":23,"stat.useItem.minecraft.iron_axe":99,"stat.leaveGame":4,"stat.useItem.minecraft.cobblestone":63,"stat.useItem.minecraft.lava_bucket":21,"stat.useItem.minecraft.diamond_sword":1828,"stat.useItem.minecraft.potion":344,"stat.jump":2531,"stat.swimOneCm":7627,"stat.fallOneCm":28012,"stat.crouchOneCm":333,"stat.sprintOneCm":868026,"achievement.exploreAllBiomes":{"value":0,"progress":["Forest","Plains"]},"stat.breakItem.minecraft.diamond_helmet":2,"stat.useItem.minecraft.water_bucket":16,"achievement.openInventory":129,"stat.damageTaken":30579,"stat.useItem.minecraft.bucket":34,"stat.breakItem.minecraft.diamond_boots":1,"stat.useItem.minecraft.golden_apple":44,"stat.flyOneCm":498412,"stat.useItem.minecraft.ender_pearl":58,"stat.deaths":15,"stat.drop":239,"stat.playOneMinute":100086,"stat.useItem.minecraft.cooked_beef":17,"stat.damageDealt":249760,"stat.timeSinceDeath":4457,"stat.useItem.minecraft.fishing_rod":457}