{"stat.flyOneCm":35506,"stat.useItem.minecraft.ender_pearl":2,"stat.walkOneCm":104414,"stat.drop":27,"stat.jump":231,"stat.playerKills":4,"stat.playOneMinute":10660,"achievement.openInventory":18,"stat.fallOneCm":3082,"stat.useItem.minecraft.cooked_beef":2,"stat.leaveGame":1,"stat.damageTaken":4017,"stat.damageDealt":34196,"stat.timeSinceDeath":10660,"stat.sprintOneCm":67225,"achievement.exploreAllBiomes":{"value":0,"progress":["Plains","Taiga"]},"stat.useItem.minecraft.diamond_sword":267,"stat.useItem.minecraft.potion":47}