{"stat.flyOneCm":46246,"stat.deaths":1,"stat.walkOneCm":44197,"stat.drop":2,"stat.jump":248,"stat.swimOneCm":8,"stat.playOneMinute":9063,"stat.fallOneCm":6729,"achievement.openInventory":1,"stat.leaveGame":1,"stat.damageTaken":370,"stat.damageDealt":13061,"stat.crouchOneCm":253,"stat.timeSinceDeath":7346,"stat.sprintOneCm":23942,"achievement.exploreAllBiomes":{"value":0,"progress":["Plains","Taiga"]},"stat.useItem.minecraft.diamond_sword":87,"stat.diveOneCm":2496,"stat.useItem.minecraft.potion":4}