{"stat.useItem.minecraft.bow":26,"stat.walkOneCm":203245,"stat.playerKills":1,"achievement.openInventory":36,"stat.leaveGame":1,"stat.damageTaken":4339,"stat.useItem.minecraft.cobblestone":13,"stat.useItem.minecraft.lava_bucket":3,"stat.useItem.minecraft.bucket":3,"stat.useItem.minecraft.diamond_sword":182,"stat.useItem.minecraft.potion":58,"stat.useItem.minecraft.golden_apple":8,"stat.flyOneCm":244547,"stat.useItem.minecraft.ender_pearl":25,"stat.deaths":5,"stat.drop":10,"stat.jump":858,"stat.swimOneCm":14,"stat.playOneMinute":26540,"stat.fallOneCm":28722,"stat.useItem.minecraft.cooked_beef":5,"stat.damageDealt":25196,"stat.crouchOneCm":5740,"stat.timeSinceDeath":629,"stat.sprintOneCm":98653,"achievement.exploreAllBiomes":{"value":0,"progress":["Plains","Taiga"]},"stat.useItem.minecraft.fishing_rod":38,"stat.useItem.minecraft.water_bucket":1}