{"stat.useItem.minecraft.bow":6,"stat.walkOneCm":820448,"stat.playerKills":14,"stat.useItem.minecraft.iron_axe":12,"stat.leaveGame":8,"stat.breakItem.minecraft.diamond_leggings":2,"stat.useItem.minecraft.diamond_sword":1558,"stat.useItem.minecraft.potion":161,"stat.jump":3052,"stat.swimOneCm":1916,"stat.fallOneCm":38412,"stat.breakItem.minecraft.diamond_chestplate":2,"stat.crouchOneCm":248,"stat.sprintOneCm":536030,"achievement.exploreAllBiomes":{"value":0,"progress":["Beach","Forest","River","Ocean","Plains"]},"stat.breakItem.minecraft.diamond_helmet":4,"achievement.openInventory":89,"stat.damageTaken":23451,"stat.noteblockTuned":12,"stat.breakItem.minecraft.diamond_boots":4,"stat.useItem.minecraft.golden_apple":22,"stat.flyOneCm":697057,"stat.useItem.minecraft.ender_pearl":29,"stat.deaths":4,"stat.drop":66,"stat.playOneMinute":97020,"stat.useItem.minecraft.cooked_beef":8,"stat.damageDealt":262455,"stat.timeSinceDeath":54290,"stat.useItem.minecraft.fishing_rod":7}