{"stat.useItem.minecraft.bow":4,"stat.walkOneCm":374823,"stat.playerKills":3,"achievement.openInventory":86,"stat.leaveGame":1,"stat.damageTaken":14160,"stat.useItem.minecraft.lava_bucket":1,"stat.useItem.minecraft.bucket":1,"stat.useItem.minecraft.diamond_sword":830,"stat.useItem.minecraft.potion":183,"stat.flyOneCm":196470,"stat.useItem.minecraft.ender_pearl":28,"stat.deaths":10,"stat.drop":98,"stat.jump":1293,"stat.swimOneCm":33,"stat.playOneMinute":46042,"stat.fallOneCm":18642,"stat.useItem.minecraft.cooked_beef":13,"stat.damageDealt":107560,"stat.crouchOneCm":44,"stat.timeSinceDeath":627,"stat.sprintOneCm":260894,"achievement.exploreAllBiomes":{"value":0,"progress":["Plains","Taiga"]},"stat.useItem.minecraft.fishing_rod":18,"stat.useItem.minecraft.water_bucket":2}