{"stat.walkOneCm":159797,"stat.playerKills":1,"achievement.openInventory":21,"stat.leaveGame":3,"stat.damageTaken":3718,"stat.useItem.minecraft.diamond_sword":214,"stat.useItem.minecraft.potion":40,"stat.flyOneCm":100545,"stat.useItem.minecraft.ender_pearl":10,"stat.deaths":2,"stat.drop":8,"stat.jump":479,"stat.playOneMinute":404492,"stat.fallOneCm":10222,"stat.useItem.minecraft.cooked_beef":3,"stat.damageDealt":26862,"stat.timeSinceDeath":400350,"stat.sprintOneCm":110757,"achievement.exploreAllBiomes":{"value":0,"progress":["Plains","Taiga"]}}