{"stat.walkOneCm":822139,"stat.playerKills":12,"achievement.openInventory":67,"stat.leaveGame":1,"stat.damageTaken":15003,"stat.useItem.minecraft.golden_carrot":7,"stat.breakItem.minecraft.diamond_leggings":1,"stat.useItem.minecraft.diamond_sword":1714,"stat.breakItem.minecraft.diamond_boots":1,"stat.useItem.minecraft.potion":157,"stat.useItem.minecraft.golden_apple":42,"stat.flyOneCm":341367,"stat.useItem.minecraft.ender_pearl":30,"stat.deaths":4,"stat.drop":67,"stat.jump":1965,"stat.playOneMinute":71571,"stat.fallOneCm":23854,"stat.breakItem.minecraft.diamond_chestplate":1,"stat.damageDealt":221922,"stat.crouchOneCm":219,"stat.timeSinceDeath":2644,"stat.sprintOneCm":569823,"achievement.exploreAllBiomes":{"value":0,"progress":["Plains","Taiga"]},"stat.breakItem.minecraft.diamond_helmet":2}