{"stat.flyOneCm":91791,"stat.useItem.minecraft.ender_pearl":8,"stat.deaths":4,"stat.walkOneCm":104642,"stat.drop":13,"stat.jump":444,"stat.playOneMinute":15113,"stat.fallOneCm":12523,"achievement.openInventory":20,"stat.useItem.minecraft.cooked_beef":2,"stat.leaveGame":1,"stat.damageTaken":4084,"stat.damageDealt":26552,"stat.crouchOneCm":466,"stat.timeSinceDeath":3438,"stat.sprintOneCm":75021,"achievement.exploreAllBiomes":{"value":0,"progress":["Plains","Taiga"]},"stat.useItem.minecraft.diamond_sword":204,"stat.useItem.minecraft.potion":42}