{"stat.walkOneCm":131734,"stat.playerKills":2,"achievement.openInventory":18,"stat.leaveGame":2,"stat.damageTaken":3508,"stat.useItem.minecraft.diamond_sword":312,"stat.useItem.minecraft.potion":44,"stat.flyOneCm":43466,"stat.useItem.minecraft.ender_pearl":10,"stat.drop":10,"stat.jump":297,"stat.playOneMinute":10619,"stat.fallOneCm":2585,"stat.useItem.minecraft.cooked_beef":3,"stat.damageDealt":41571,"stat.crouchOneCm":170,"stat.timeSinceDeath":10619,"stat.sprintOneCm":98954,"achievement.exploreAllBiomes":{"value":0,"progress":["Plains","Taiga"]}}