{"stat.flyOneCm":37528,"stat.useItem.minecraft.ender_pearl":8,"stat.deaths":5,"stat.walkOneCm":35578,"stat.drop":2,"stat.jump":170,"stat.playerKills":6,"stat.playOneMinute":9892,"stat.fallOneCm":6110,"achievement.openInventory":6,"stat.leaveGame":1,"stat.useItem.minecraft.stone_sword":2,"stat.damageTaken":1521,"stat.damageDealt":3320,"stat.crouchOneCm":2013,"stat.useItem.minecraft.wool":26,"stat.timeSinceDeath":729,"stat.sprintOneCm":24195,"achievement.exploreAllBiomes":{"value":0,"progress":["Plains","Taiga"]},"stat.useItem.minecraft.diamond_sword":25,"stat.useItem.minecraft.potion":11}